<?xml version="1.0" encoding="UTF-8"?>
<project xmlns="http://maven.apache.org/POM/4.0.0" xmlns:xsi="http://www.w3.org/2001/XMLSchema-instance" xsi:schemaLocation="http://maven.apache.org/POM/4.0.0 http://maven.apache.org/maven-v4_0_0.xsd">
  <modelVersion>4.0.0</modelVersion>
  <groupId>net.javaguides.springmvc</groupId>
  <artifactId>springmvc-hibernate-crud-web-app</artifactId>
  <packaging>war</packaging>
  <name>springmvc-hibernate-crud-web-app Maven Webapp</name>
  <version>0.0.1-SNAPSHOT</version>
  <url>http://maven.apache.org</url>
  <build>
    <finalName>mvc-hibernate-crud</finalName>
    <plugins>
      <plugin>
        <groupId>org.apache.tomcat.maven</groupId>
        <artifactId>tomcat7-maven-plugin</artifactId>
        <version>2.1</version>
        <configuration>
          <port>9090</port>
          <path>/</path>
        </configuration>
      </plugin>
      <plugin>
        <artifactId>maven-shade-plugin</artifactId>
        <version>3.1.0</version>
        <executions>
          <execution>
            <phase>package</phase>
            <goals>
              <goal>shade</goal>
            </goals>
          </execution>
        </executions>
        <configuration />
      </plugin>
      <plugin>
        <artifactId>maven-compiler-plugin</artifactId>
        <version>3.1</version>
        <configuration>
          <source>1.8</source>
          <target>1.8</target>
          <fork>true</fork>
          <executable>C:\Program Files\Java\jdk1.8.0_131\bin\javac</executable>
        </configuration>
      </plugin>
    </plugins>
  </build>
  <dependencies>
    <dependency>
      <groupId>javax.servlet</groupId>
      <artifactId>javax.servlet-api</artifactId>
      <version>3.1.0</version>
      <scope>provided</scope>
    </dependency>
    <dependency>
      <groupId>javax.servlet.jsp</groupId>
      <artifactId>javax.servlet.jsp-api</artifactId>
      <version>2.3.1</version>
      <scope>provided</scope>
    </dependency>
    <dependency>
      <groupId>junit</groupId>
      <artifactId>junit</artifactId>
      <version>3.8.1</version>
      <scope>test</scope>
    </dependency>
    <dependency>
      <groupId>javax.persistence</groupId>
      <artifactId>persistence-api</artifactId>
      <version>1.0.2</version>
      <scope>provided</scope>
    </dependency>
  </dependencies>
  <dependencyManagement>
    <dependencies>
      <dependency>
        <groupId>org.springframework.cloud</groupId>
        <artifactId>spring-cloud-dependencies</artifactId>
        <version>${spring-cloud.version}</version>
        <type>pom</type>
        <scope>import</scope>
      </dependency>
    </dependencies>
  </dependencyManagement>
  <properties>
    <servlets.version>3.1.0</servlets.version>
    <java.version>1.8</java.version>
    <failOnMissingWebXml>false</failOnMissingWebXml>
    <jsp.version>2.3.1</jsp.version>
    <jstl.version>1.2.1</jstl.version>
    <hibernate.validator>5.4.1.Final</hibernate.validator>
    <tld.version>1.1.2</tld.version>
    <spring-cloud.version>Hoxton.RELEASE</spring-cloud.version>
    <org.springframework.version>5.2.8.RELEASE</org.springframework.version>
    <hibernate.version>5.3.5.Final</hibernate.version>
    <spring.version>5.1.0.RELEASE</spring.version>
  </properties>
</project>

